event_id,well_id,formation_id,depth_m,event_type,severity,description,mitigation_id,report_id,page_number
f50f5894-02ab-4d92-a4ce-d45679bf35a7,758a9b69-373a-400c-85ee-20ba4172ddf4,8a6be6a0-17ff-4b4e-a037-65675b43abb0,2752.4,mud_loss,critical,CORRELATED CLUSTER INCIDENT: Severe mud loss of 120 bbl/hr in Barail Coal-Shale (F3) at 2752.4m upon traversing micro-fractured zone. Total pit volume drop 310 bbl.,ae6dff38-fa3d-4cc5-aaaa-10457849f1a5,8c370ea2-0156-4935-b516-e7b1903e2ae1,3
a39384cd-6d81-49f5-9702-fe50759af8f6,1c5c67a3-4018-4763-9fd8-d86b757283a0,98472bd1-f989-4f14-9936-3981bfe84a71,2761.8,stuck_pipe,critical,CORRELATED CLUSTER INCIDENT: Differential stuck pipe in Barail Coal-Shale (F3) at 2761.8m during directional survey. Overpull reached 140 klbs with string static.,1a6ff26a-9e18-4e6d-a0b7-7126a5894041,c27e06bd-525a-43ae-80b4-f1a1dc3defe7,3
c8676c88-f4aa-49d6-a78c-93f24f3f90a9,45736872-7faf-4942-97c5-5cef81a54319,0b079934-5d9e-49e9-b640-397f1a490548,2758.2,mud_loss,critical,CORRELATED CLUSTER INCIDENT: Sudden mud loss of 95 bbl/hr in Barail Coal-Shale (F3) at 2758.2m matching offset incidents in Well A and Well B.,17659417-a612-4453-9f27-5cb1bf089c97,453542fc-025d-4b63-8972-fdfdd5763aa5,3
409fb8b2-f274-4bd7-bff7-104d9de02b8d,de4799e0-ea6c-4fad-9660-9977bf159d4b,1679c930-bed4-46ce-9c47-17dcb0ece0ec,3109.6,mud_loss,high,Partial mud loss of 33 bbl/hr encountered in Kopili at 3109.6m.,,04313d0c-5c4a-4744-a95c-e46db744caaf,4
b5a560c1-ad7e-451d-ab0f-e44eb704d47c,1c5c67a3-4018-4763-9fd8-d86b757283a0,98472bd1-f989-4f14-9936-3981bfe84a71,2729.1,torque_anomaly,medium,"Severe rotational torque oscillation (up to 28,000 ft-lbs) at 2729.1m.",aa5b8625-badd-4e5b-8405-f78e886e03ea,c27e06bd-525a-43ae-80b4-f1a1dc3defe7,2
b1ca2041-24fd-4670-937b-82e20fbdec1e,45736872-7faf-4942-97c5-5cef81a54319,fbdee2ae-8bf4-4d4b-9fab-70650144176e,1076.8,kick,medium,Gas kick influx of 20 bbls in Tipam at 1076.8m. SIDPP reached 473 psi.,,453542fc-025d-4b63-8972-fdfdd5763aa5,5
74d7992e-ebc0-449b-b5cd-1762cffde135,cfbea72d-2e23-4f82-8144-c06c35ecaaef,eaa55451-b29e-479a-b473-24ff0c1a2d3c,2223.2,torque_anomaly,high,"Severe rotational torque oscillation (up to 28,000 ft-lbs) at 2223.2m.",69ee03bb-d867-47e1-b1c9-67c99226bd6c,0af97a6e-057c-46d5-a5e3-1a3367b5eab0,1
147bb95c-944f-45d8-930b-9316651923f6,7b7c8687-b277-48fb-b936-9bbee641baaf,dc7a5c52-cf66-44fd-ad30-6f36a114ddd8,2039.2,torque_anomaly,medium,"Severe rotational torque oscillation (up to 28,000 ft-lbs) at 2039.2m.",8685f042-45a4-48cf-a97d-226095c25d1c,4425548e-fd38-4136-9494-fae74bffba08,3
13691c6c-8355-4688-9b34-017b4b2106d0,afc60f98-fd9d-49f2-966d-6a30e1812a62,42e3659a-29dc-47a6-9205-07a281b68fc7,2740.0,torque_anomaly,medium,"Severe rotational torque oscillation (up to 28,000 ft-lbs) at 2740.0m.",df579443-aed8-46db-83cf-bf5eb59bbdb3,67a469f8-38dd-4da2-acf5-4499e1433c99,2
bb8207bd-aa6f-4aaa-adb6-ca67076c6098,de4799e0-ea6c-4fad-9660-9977bf159d4b,1679c930-bed4-46ce-9c47-17dcb0ece0ec,3068.3,mud_loss,high,Partial mud loss of 45 bbl/hr encountered in Kopili at 3068.3m.,ee8e3e62-9516-4868-920b-ee5ad7a4b744,04313d0c-5c4a-4744-a95c-e46db744caaf,2
427505f9-4e06-49f8-bfca-5c76b59618aa,45736872-7faf-4942-97c5-5cef81a54319,fbdee2ae-8bf4-4d4b-9fab-70650144176e,1609.6,kick,medium,Gas kick influx of 17 bbls in Tipam at 1609.6m. SIDPP reached 410 psi.,,453542fc-025d-4b63-8972-fdfdd5763aa5,3
e41dd3f6-a3b1-40d3-baf6-75f333af9cc0,de4799e0-ea6c-4fad-9660-9977bf159d4b,1679c930-bed4-46ce-9c47-17dcb0ece0ec,3170.5,stuck_pipe,high,Tight hole and mechanical drag in Kopili at 3170.5m with 46 klbs overpull.,,04313d0c-5c4a-4744-a95c-e46db744caaf,4
883a1edc-257b-442d-a310-0aa360ecc874,ab5422fe-62fc-48df-aefc-7887889e7bb2,f80aa165-6f65-4235-ad7c-baed55d9c067,71.6,pressure_anomaly,low,Unexpected 450 psi standpipe pressure spike at 71.6m in Alluvium.,c40c4d25-9bfa-46ae-9a69-a405bb826c0d,d1c2af3d-066d-43e5-aa3d-58faa2390e3c,5
b829e2dd-352e-435b-93f0-a032bb10187e,0704034b-8301-426a-9f90-e3d19c2b31cb,c61cb692-4a99-47e3-b457-d7b6e1120f87,3078.7,kick,medium,Gas kick influx of 21 bbls in Kopili at 3078.7m. SIDPP reached 462 psi.,feef4571-64ac-4077-8400-865f86bf66fc,b25eb7f7-06a5-4253-bbf5-b3e7773cb687,1
80518133-94e9-45e2-899f-b6848ad847be,cfbea72d-2e23-4f82-8144-c06c35ecaaef,8887464a-a78e-4cca-8ea6-75b1560c3a42,1490.5,kick,medium,Gas kick influx of 24 bbls in Kopili at 1490.5m. SIDPP reached 291 psi.,e9545d15-ef31-4c14-9296-8d6da3a1beff,0af97a6e-057c-46d5-a5e3-1a3367b5eab0,2
e9e28ce5-81dd-4143-b356-9e287510406f,cfbea72d-2e23-4f82-8144-c06c35ecaaef,508dd3c1-ea1f-416e-af23-cfc6b7417ce6,2013.3,kick,medium,Gas kick influx of 27 bbls in Sylhet at 2013.3m. SIDPP reached 395 psi.,,0af97a6e-057c-46d5-a5e3-1a3367b5eab0,1
3995ac4d-a24a-4d8c-b71e-2e6eec2f10fa,7b7c8687-b277-48fb-b936-9bbee641baaf,53743219-b2fe-4de2-b9f3-4ce8bfcabeca,1415.1,kick,low,Gas kick influx of 26 bbls in Tipam at 1415.1m. SIDPP reached 285 psi.,871f158c-d3f8-4457-a4aa-6e277421b9e7,4425548e-fd38-4136-9494-fae74bffba08,3
ab0792e1-d846-4989-baaf-b1ada884668d,afc60f98-fd9d-49f2-966d-6a30e1812a62,42e3659a-29dc-47a6-9205-07a281b68fc7,2829.3,mud_loss,high,Partial mud loss of 35 bbl/hr encountered in Barail at 2829.3m.,46f5a350-e716-48b3-b895-a9880d056f70,67a469f8-38dd-4da2-acf5-4499e1433c99,3
4265a801-9032-4998-9384-fedbc7545411,260ad1cf-81c5-4cf3-a8bf-577c0e4a80b6,60394434-0fe9-41c3-a387-6ff3970a6d6d,871.0,kick,medium,Gas kick influx of 10 bbls in Tipam at 871.0m. SIDPP reached 301 psi.,99809812-813e-4681-a939-7329b772cfce,45bf5afb-2a14-4fec-9abe-69eeb578b4e9,3
0ca559b5-0c6b-469f-85f9-7bae2bbd5717,7b1a405c-5461-4c43-a3f6-90a0e8c1c070,f588def7-e4c1-43ff-9b72-a5f3942ccc1a,2827.9,pressure_anomaly,low,Unexpected 450 psi standpipe pressure spike at 2827.9m in Barail.,,6ba96aba-2012-4b0c-9353-af5f9db761eb,4
a5f2d56d-7ca8-4869-bcae-a0f65f527219,6fe2ee1e-277b-4293-b6a0-cb07c5bc473b,f5395827-2bb1-4b1e-98bb-0f18a429d927,622.1,mud_loss,low,Partial mud loss of 57 bbl/hr encountered in Tipam at 622.1m.,163d4789-9dea-4532-a480-a7af3970c556,dfeae9b1-b033-4ed7-bf1e-c71d7e1104ff,2
a7b7c57c-6be8-4a68-a1f7-7bd65cf8ca15,cfbea72d-2e23-4f82-8144-c06c35ecaaef,5cfb2308-ae2f-454b-bf61-8886e1ab9a46,254.2,other,medium,LWD telemetry transmission drop out during penetration of Alluvium at 254.2m.,99fe0b49-22a9-45b1-a331-db895634a874,0af97a6e-057c-46d5-a5e3-1a3367b5eab0,1
b9b85b47-a734-488a-abed-cf303a79249e,2f182721-34ab-4303-9700-ba031a29677c,401c932e-c3f8-40f5-82fe-ce2321a103da,1648.8,other,medium,LWD telemetry transmission drop out during penetration of Kopili at 1648.8m.,,d1295f71-5f1c-4bbb-80ef-d3b923a83567,5
3527b1d4-f0df-4de2-84eb-8a9e7a11fb98,2f182721-34ab-4303-9700-ba031a29677c,68dd4e69-1261-473d-a214-efb2db05eb09,191.0,stuck_pipe,low,Tight hole and mechanical drag in Alluvium at 191.0m with 52 klbs overpull.,06baae0a-2e0b-4939-8cf0-65d31b665b51,d1295f71-5f1c-4bbb-80ef-d3b923a83567,3
f7efdbc5-dfc8-4cca-974d-fccabbccc6d1,7b7c8687-b277-48fb-b936-9bbee641baaf,e244e7bd-2ecb-47b6-8bdf-01830ae26b5e,122.9,torque_anomaly,high,"Severe rotational torque oscillation (up to 28,000 ft-lbs) at 122.9m.",b811e06a-50e7-4df9-86d5-969e7e916982,4425548e-fd38-4136-9494-fae74bffba08,4
b45148ee-e930-4389-8228-e5c5fbf78672,7b7c8687-b277-48fb-b936-9bbee641baaf,dc7a5c52-cf66-44fd-ad30-6f36a114ddd8,1997.1,other,medium,LWD telemetry transmission drop out during penetration of Sylhet at 1997.1m.,fa730f31-5c84-42d4-a061-07b54857fcce,4425548e-fd38-4136-9494-fae74bffba08,5
adf9e2e6-e426-4186-8991-6b0a212f85b9,afc60f98-fd9d-49f2-966d-6a30e1812a62,aaa2888c-ec16-486a-b709-795ae01302f4,144.7,mud_loss,high,Partial mud loss of 38 bbl/hr encountered in Alluvium at 144.7m.,7de56d71-87b0-4ef4-9b18-a65178b4282a,67a469f8-38dd-4da2-acf5-4499e1433c99,4
7e411e54-6f6a-4a6b-b298-392f91882c38,2f182721-34ab-4303-9700-ba031a29677c,401c932e-c3f8-40f5-82fe-ce2321a103da,1472.6,kick,high,Gas kick influx of 25 bbls in Kopili at 1472.6m. SIDPP reached 381 psi.,4ec8049b-f05c-4426-820f-e500e2ef1af8,d1295f71-5f1c-4bbb-80ef-d3b923a83567,2
e899ce31-0b32-4f0e-99a8-d18cfca5ddae,6880fa01-ac1d-499e-a3fb-52b3e2183956,dbc98e96-2058-46e4-a1b0-483589146b96,454.1,kick,medium,Gas kick influx of 12 bbls in Alluvium at 454.1m. SIDPP reached 428 psi.,,7b0f7f68-2db5-4c6a-a295-eb0294264277,5
1ba9cde7-5b98-4eff-b9cb-268948e135a9,6fe2ee1e-277b-4293-b6a0-cb07c5bc473b,04a07d1d-2ba5-4ac7-9d16-e4d37a7f8ca3,1617.9,stuck_pipe,high,Tight hole and mechanical drag in Kopili at 1617.9m with 47 klbs overpull.,207361de-6203-45cd-a2d3-587170103ae7,dfeae9b1-b033-4ed7-bf1e-c71d7e1104ff,2
e50ad126-fcc6-4db8-b55a-e6219f9b816a,6880fa01-ac1d-499e-a3fb-52b3e2183956,cb39f9ca-18d1-4f32-8e2c-dc83a7781697,1134.1,pressure_anomaly,medium,Unexpected 450 psi standpipe pressure spike at 1134.1m in Tipam.,,7b0f7f68-2db5-4c6a-a295-eb0294264277,4
f747b92e-7bb0-402a-9019-0cff79d2e13f,758a9b69-373a-400c-85ee-20ba4172ddf4,e9121de7-eb5c-44dd-a33a-3f4b441242fc,3116.4,kick,low,Gas kick influx of 29 bbls in Kopili at 3116.4m. SIDPP reached 345 psi.,82e52aba-9ae4-4c9a-a5f6-fa36f75b72c3,8c370ea2-0156-4935-b516-e7b1903e2ae1,1
9d26876b-63e9-4d16-b97b-2da131b1e289,cfbea72d-2e23-4f82-8144-c06c35ecaaef,60797d38-08bc-44a8-9a87-004472b67143,444.6,stuck_pipe,high,Tight hole and mechanical drag in Tipam at 444.6m with 45 klbs overpull.,d799095e-1a9d-413b-b00e-04f9826f1641,0af97a6e-057c-46d5-a5e3-1a3367b5eab0,3
3d3250ec-2df7-4a1b-bf1e-821114b624f9,45736872-7faf-4942-97c5-5cef81a54319,8fffd770-6c05-4397-9041-6f3003846df1,3570.1,other,low,LWD telemetry transmission drop out during penetration of Basement at 3570.1m.,,453542fc-025d-4b63-8972-fdfdd5763aa5,2
adda6ea2-f795-4f9f-a744-582bbd9ea8fc,0704034b-8301-426a-9f90-e3d19c2b31cb,69da46a4-9758-4445-b0d4-8dfb747ee01a,1940.6,pressure_anomaly,high,Unexpected 450 psi standpipe pressure spike at 1940.6m in Tipam.,d865c53e-8a79-44d8-aec1-1d5b09924bbf,b25eb7f7-06a5-4253-bbf5-b3e7773cb687,1
c3c3ff50-d367-43c5-86fe-cf52f61f6c53,6fe2ee1e-277b-4293-b6a0-cb07c5bc473b,f5395827-2bb1-4b1e-98bb-0f18a429d927,532.9,mud_loss,medium,Partial mud loss of 37 bbl/hr encountered in Tipam at 532.9m.,815cd948-9e78-41e8-8dcd-334273dc1d74,dfeae9b1-b033-4ed7-bf1e-c71d7e1104ff,4
4aa626e0-2d28-4f25-9f99-26b7db4d7f9b,1c5c67a3-4018-4763-9fd8-d86b757283a0,a9029c40-c4e3-4fd4-b6be-8e897c13d66d,133.5,torque_anomaly,low,"Severe rotational torque oscillation (up to 28,000 ft-lbs) at 133.5m.",f953947e-af08-4e00-b1e8-dab1b2efec83,c27e06bd-525a-43ae-80b4-f1a1dc3defe7,5
4703e2d4-5765-4a4a-a367-091a92ca1c3d,ab5422fe-62fc-48df-aefc-7887889e7bb2,3a35e179-1980-4193-b8f1-5d33b41ed4c3,2427.6,other,low,LWD telemetry transmission drop out during penetration of Basement at 2427.6m.,906004c7-895f-4b3e-8af7-f5f978612ee3,d1c2af3d-066d-43e5-aa3d-58faa2390e3c,1
fd5ac683-d953-41bc-8de9-43c389417e77,1c5c67a3-4018-4763-9fd8-d86b757283a0,98472bd1-f989-4f14-9936-3981bfe84a71,2820.0,other,high,LWD telemetry transmission drop out during penetration of Barail at 2820.0m.,,c27e06bd-525a-43ae-80b4-f1a1dc3defe7,5
17688145-c907-4d60-9504-2807aa79cb35,0704034b-8301-426a-9f90-e3d19c2b31cb,6c4ec4b9-5dd0-4e7f-a350-a429a62e4b78,2800.2,pressure_anomaly,low,Unexpected 450 psi standpipe pressure spike at 2800.2m in Barail.,,b25eb7f7-06a5-4253-bbf5-b3e7773cb687,4
72e9906d-a4b9-41a9-b463-52b28f659d23,7b1a405c-5461-4c43-a3f6-90a0e8c1c070,8f5dbe65-c827-4a83-9f18-b7c7ad54358e,3573.1,other,medium,LWD telemetry transmission drop out during penetration of Sylhet at 3573.1m.,9285801e-ebf7-45a1-a391-861bd2c61bb5,6ba96aba-2012-4b0c-9353-af5f9db761eb,1
ad5a6c9c-34d6-4a0d-9422-c635933e7c27,6fe2ee1e-277b-4293-b6a0-cb07c5bc473b,f5395827-2bb1-4b1e-98bb-0f18a429d927,784.0,mud_loss,medium,Partial mud loss of 25 bbl/hr encountered in Tipam at 784.0m.,a334f132-636e-4dcd-9b60-643e5e561bce,dfeae9b1-b033-4ed7-bf1e-c71d7e1104ff,5
1c52db75-7453-4e14-b31f-6bb1a7d37d18,45736872-7faf-4942-97c5-5cef81a54319,fbdee2ae-8bf4-4d4b-9fab-70650144176e,1323.0,torque_anomaly,high,"Severe rotational torque oscillation (up to 28,000 ft-lbs) at 1323.0m.",444e0432-9211-47e0-bb16-9f60e46ebcc9,453542fc-025d-4b63-8972-fdfdd5763aa5,2
f5a160e4-9a23-4584-963b-5a6315548bd8,6880fa01-ac1d-499e-a3fb-52b3e2183956,63c08347-d1b2-4e74-9689-98ae76f25a81,1820.4,other,low,LWD telemetry transmission drop out during penetration of Sylhet at 1820.4m.,22a40304-13d8-4631-a979-3089dd74da15,7b0f7f68-2db5-4c6a-a295-eb0294264277,4
2743a4ce-be84-49b7-8b4b-5e90b360ff8e,7b1a405c-5461-4c43-a3f6-90a0e8c1c070,1ddd14e9-19e5-40f6-bbd3-4e119b4bc45d,3250.5,other,high,LWD telemetry transmission drop out during penetration of Kopili at 3250.5m.,,6ba96aba-2012-4b0c-9353-af5f9db761eb,4
10b665dd-1611-4a09-9567-852780cae123,758a9b69-373a-400c-85ee-20ba4172ddf4,87f0f2a0-bc6a-403b-af51-97006097d640,215.6,mud_loss,medium,Partial mud loss of 53 bbl/hr encountered in Alluvium at 215.6m.,3cb29824-12aa-4cf1-ae9a-25e31664ac2a,8c370ea2-0156-4935-b516-e7b1903e2ae1,4
6e3436c6-5845-4f01-b1fc-dce2b29534f2,260ad1cf-81c5-4cf3-a8bf-577c0e4a80b6,c8c6fbb5-fe8c-4a42-bec2-c2dc1f12c699,1933.4,torque_anomaly,low,"Severe rotational torque oscillation (up to 28,000 ft-lbs) at 1933.4m.",f9bc5c30-2957-46dc-8cd9-489ef6dcd9a0,45bf5afb-2a14-4fec-9abe-69eeb578b4e9,5
91644a65-86c4-460e-aab7-f94b92b10245,2bf4c40a-94ed-45dd-b722-d8bb02933dc1,75a82ba8-0538-4909-be86-baf11cc9db1d,2850.8,pressure_anomaly,high,Unexpected 450 psi standpipe pressure spike at 2850.8m in Barail.,412295be-2376-4e20-ac81-b6ab3e6abccc,cb0e7085-9384-4608-a7de-46cda9e334a3,2
fc87745b-f0ea-4985-b9f0-96dd7fc16d6a,2f182721-34ab-4303-9700-ba031a29677c,02587f27-20a6-454f-8ac7-87018ed23d4f,1809.6,pressure_anomaly,medium,Unexpected 450 psi standpipe pressure spike at 1809.6m in Sylhet.,0070eb12-e54a-4d22-b003-7dc4498203d3,d1295f71-5f1c-4bbb-80ef-d3b923a83567,4
e0dab833-6b25-4b09-9838-35c75e1683c7,0704034b-8301-426a-9f90-e3d19c2b31cb,c61cb692-4a99-47e3-b457-d7b6e1120f87,3064.3,stuck_pipe,low,Tight hole and mechanical drag in Kopili at 3064.3m with 72 klbs overpull.,,b25eb7f7-06a5-4253-bbf5-b3e7773cb687,5
f6fe8bf5-d412-4bc8-ab91-515b6f185217,7b1a405c-5461-4c43-a3f6-90a0e8c1c070,1ddd14e9-19e5-40f6-bbd3-4e119b4bc45d,3133.1,stuck_pipe,low,Tight hole and mechanical drag in Kopili at 3133.1m with 61 klbs overpull.,50a2d113-ce21-4e65-8d1c-e94ac6aa144f,6ba96aba-2012-4b0c-9353-af5f9db761eb,2
9261fee3-4c86-41d8-ba8b-5dc8fea2546d,758a9b69-373a-400c-85ee-20ba4172ddf4,e6358200-0102-4138-84b5-345dca54cdcf,1450.4,mud_loss,medium,Partial mud loss of 23 bbl/hr encountered in Tipam at 1450.4m.,,8c370ea2-0156-4935-b516-e7b1903e2ae1,4
ff2b8a28-91e5-4880-97f5-9ee0d54d10c2,6fe2ee1e-277b-4293-b6a0-cb07c5bc473b,04a07d1d-2ba5-4ac7-9d16-e4d37a7f8ca3,1493.0,stuck_pipe,medium,Tight hole and mechanical drag in Kopili at 1493.0m with 79 klbs overpull.,ad88a3a6-7ee8-46b1-8073-80cede6eabb3,dfeae9b1-b033-4ed7-bf1e-c71d7e1104ff,1
