well_id,name,code,latitude,longitude,geom_wkt,spud_date,total_depth_m,status
758a9b69-373a-400c-85ee-20ba4172ddf4,Nahorkatiya Exploration DEMO-WELL-101,DEMO-WELL-101,27.275097,95.333403,SRID=4326;POINT(95.333403 27.275097),2025-01-10 00:00:00,3478.8,active
1c5c67a3-4018-4763-9fd8-d86b757283a0,Nahorkatiya Exploration DEMO-WELL-102,DEMO-WELL-102,27.296316,95.447655,SRID=4326;POINT(95.447655 27.296316),2025-02-01 00:00:00,3739.9,completed
45736872-7faf-4942-97c5-5cef81a54319,Nahorkatiya Exploration DEMO-WELL-103,DEMO-WELL-103,27.292054,95.329128,SRID=4326;POINT(95.329128 27.292054),2025-02-23 00:00:00,3574.2,completed
2bf4c40a-94ed-45dd-b722-d8bb02933dc1,Nahorkatiya Exploration DEMO-WELL-104,DEMO-WELL-104,27.31152,95.346695,SRID=4326;POINT(95.346695 27.31152),2025-03-17 00:00:00,3628.5,active
7b1a405c-5461-4c43-a3f6-90a0e8c1c070,Nahorkatiya Exploration DEMO-WELL-105,DEMO-WELL-105,27.309173,95.345505,SRID=4326;POINT(95.345505 27.309173),2025-04-08 00:00:00,3722.4,completed
afc60f98-fd9d-49f2-966d-6a30e1812a62,Nahorkatiya Exploration DEMO-WELL-106,DEMO-WELL-106,27.248972,95.329907,SRID=4326;POINT(95.329907 27.248972),2025-04-30 00:00:00,3683.0,active
de4799e0-ea6c-4fad-9660-9977bf159d4b,Nahorkatiya Exploration DEMO-WELL-107,DEMO-WELL-107,27.281942,95.334442,SRID=4326;POINT(95.334442 27.281942),2025-05-22 00:00:00,3823.8,completed
0704034b-8301-426a-9f90-e3d19c2b31cb,Nahorkatiya Exploration DEMO-WELL-108,DEMO-WELL-108,27.264821,95.289631,SRID=4326;POINT(95.289631 27.264821),2025-06-13 00:00:00,3401.1,completed
6880fa01-ac1d-499e-a3fb-52b3e2183956,Nahorkatiya Exploration DEMO-WELL-109,DEMO-WELL-109,27.325271,95.326016,SRID=4326;POINT(95.326016 27.325271),2025-07-05 00:00:00,3360.3,active
2f182721-34ab-4303-9700-ba031a29677c,Nahorkatiya Exploration DEMO-WELL-110,DEMO-WELL-110,27.371453,95.411313,SRID=4326;POINT(95.411313 27.371453),2025-07-27 00:00:00,3692.4,completed
6fe2ee1e-277b-4293-b6a0-cb07c5bc473b,Nahorkatiya Exploration DEMO-WELL-111,DEMO-WELL-111,27.313914,95.238654,SRID=4326;POINT(95.238654 27.313914),2025-08-18 00:00:00,3648.5,active
cfbea72d-2e23-4f82-8144-c06c35ecaaef,Nahorkatiya Exploration DEMO-WELL-112,DEMO-WELL-112,27.331504,95.330152,SRID=4326;POINT(95.330152 27.331504),2025-09-09 00:00:00,3658.8,completed
ab5422fe-62fc-48df-aefc-7887889e7bb2,Nahorkatiya Exploration DEMO-WELL-113,DEMO-WELL-113,27.319482,95.25876,SRID=4326;POINT(95.25876 27.319482),2025-10-01 00:00:00,3860.1,completed
7b7c8687-b277-48fb-b936-9bbee641baaf,Nahorkatiya Exploration DEMO-WELL-114,DEMO-WELL-114,27.197443,95.2911,SRID=4326;POINT(95.2911 27.197443),2025-10-23 00:00:00,3329.8,active
260ad1cf-81c5-4cf3-a8bf-577c0e4a80b6,Nahorkatiya Exploration DEMO-WELL-115,DEMO-WELL-115,27.285676,95.385531,SRID=4326;POINT(95.385531 27.285676),2025-11-14 00:00:00,3351.9,completed
