mitigation_id,action_text,outcome
ae6dff38-fa3d-4cc5-aaaa-10457849f1a5,Halted drilling immediately. Spotted 60 bbl high-fluid-loss squeeze LCM pill with coarse calcium carbonate and mica flakes.,Well stabilized after 14 hrs. Mud losses reduced to zero seepage. Resumed drilling with adjusted ECD.
1a6ff26a-9e18-4e6d-a0b7-7126a5894041,Mixed and spotted 50 bbl oil-based lubricating freeing pill around BHA. Worked drillstring with maximum allowable torque and jarred downward.,Pipe freed after 9.5 hours of jarring. Reamed interval with increased PAC-R polymer concentration.
17659417-a612-4453-9f27-5cb1bf089c97,Pulled string 4 stands off bottom. Pumped dual-density fibrous LCM blend and reduced circulation rate to 350 gpm.,Loss zone sealed successfully. Non-productive time limited to 11 hours.
aa5b8625-badd-4e5b-8405-f78e886e03ea,"Reduced WOB, adjusted RPM to eliminate torsional stick-slip.",Drilling smoothed out.
69ee03bb-d867-47e1-b1c9-67c99226bd6c,"Reduced WOB, adjusted RPM to eliminate torsional stick-slip.",Drilling smoothed out.
8685f042-45a4-48cf-a97d-226095c25d1c,"Reduced WOB, adjusted RPM to eliminate torsional stick-slip.",Drilling smoothed out.
df579443-aed8-46db-83cf-bf5eb59bbdb3,"Reduced WOB, adjusted RPM to eliminate torsional stick-slip.",Drilling smoothed out.
ee8e3e62-9516-4868-920b-ee5ad7a4b744,Added fine nut-plug and fiber sealants to active system.,Losses cured; resumed controlled drilling.
c40c4d25-9bfa-46ae-9a69-a405bb826c0d,"Checked surface lines, inspected bit nozzles.",Flow verified normal.
feef4571-64ac-4077-8400-865f86bf66fc,"Shut in on annular BOP, circulated out kick using Wait & Weight.",Pore pressure controlled; weighted up mud.
e9545d15-ef31-4c14-9296-8d6da3a1beff,"Shut in on annular BOP, circulated out kick using Wait & Weight.",Pore pressure controlled; weighted up mud.
871f158c-d3f8-4457-a4aa-6e277421b9e7,"Shut in on annular BOP, circulated out kick using Wait & Weight.",Pore pressure controlled; weighted up mud.
46f5a350-e716-48b3-b895-a9880d056f70,Added fine nut-plug and fiber sealants to active system.,Losses cured; resumed controlled drilling.
99809812-813e-4681-a939-7329b772cfce,"Shut in on annular BOP, circulated out kick using Wait & Weight.",Pore pressure controlled; weighted up mud.
163d4789-9dea-4532-a480-a7af3970c556,Added fine nut-plug and fiber sealants to active system.,Losses cured; resumed controlled drilling.
99fe0b49-22a9-45b1-a331-db895634a874,Troubleshot mud pulser unit at surface.,Signal restored.
06baae0a-2e0b-4939-8cf0-65d31b665b51,Pumped high-viscosity sweep pill and reamed section.,String freed; hole cleared.
b811e06a-50e7-4df9-86d5-969e7e916982,"Reduced WOB, adjusted RPM to eliminate torsional stick-slip.",Drilling smoothed out.
fa730f31-5c84-42d4-a061-07b54857fcce,Troubleshot mud pulser unit at surface.,Signal restored.
7de56d71-87b0-4ef4-9b18-a65178b4282a,Added fine nut-plug and fiber sealants to active system.,Losses cured; resumed controlled drilling.
4ec8049b-f05c-4426-820f-e500e2ef1af8,"Shut in on annular BOP, circulated out kick using Wait & Weight.",Pore pressure controlled; weighted up mud.
207361de-6203-45cd-a2d3-587170103ae7,Pumped high-viscosity sweep pill and reamed section.,String freed; hole cleared.
82e52aba-9ae4-4c9a-a5f6-fa36f75b72c3,"Shut in on annular BOP, circulated out kick using Wait & Weight.",Pore pressure controlled; weighted up mud.
d799095e-1a9d-413b-b00e-04f9826f1641,Pumped high-viscosity sweep pill and reamed section.,String freed; hole cleared.
d865c53e-8a79-44d8-aec1-1d5b09924bbf,"Checked surface lines, inspected bit nozzles.",Flow verified normal.
815cd948-9e78-41e8-8dcd-334273dc1d74,Added fine nut-plug and fiber sealants to active system.,Losses cured; resumed controlled drilling.
f953947e-af08-4e00-b1e8-dab1b2efec83,"Reduced WOB, adjusted RPM to eliminate torsional stick-slip.",Drilling smoothed out.
906004c7-895f-4b3e-8af7-f5f978612ee3,Troubleshot mud pulser unit at surface.,Signal restored.
9285801e-ebf7-45a1-a391-861bd2c61bb5,Troubleshot mud pulser unit at surface.,Signal restored.
a334f132-636e-4dcd-9b60-643e5e561bce,Added fine nut-plug and fiber sealants to active system.,Losses cured; resumed controlled drilling.
444e0432-9211-47e0-bb16-9f60e46ebcc9,"Reduced WOB, adjusted RPM to eliminate torsional stick-slip.",Drilling smoothed out.
22a40304-13d8-4631-a979-3089dd74da15,Troubleshot mud pulser unit at surface.,Signal restored.
3cb29824-12aa-4cf1-ae9a-25e31664ac2a,Added fine nut-plug and fiber sealants to active system.,Losses cured; resumed controlled drilling.
f9bc5c30-2957-46dc-8cd9-489ef6dcd9a0,"Reduced WOB, adjusted RPM to eliminate torsional stick-slip.",Drilling smoothed out.
412295be-2376-4e20-ac81-b6ab3e6abccc,"Checked surface lines, inspected bit nozzles.",Flow verified normal.
0070eb12-e54a-4d22-b003-7dc4498203d3,"Checked surface lines, inspected bit nozzles.",Flow verified normal.
50a2d113-ce21-4e65-8d1c-e94ac6aa144f,Pumped high-viscosity sweep pill and reamed section.,String freed; hole cleared.
ad88a3a6-7ee8-46b1-8073-80cede6eabb3,Pumped high-viscosity sweep pill and reamed section.,String freed; hole cleared.
