report_id,well_id,report_type,file_path,upload_date
8c370ea2-0156-4935-b516-e7b1903e2ae1,758a9b69-373a-400c-85ee-20ba4172ddf4,Daily Drilling Report,synthetic_data/reports/DEMO-WELL-101_daily_drilling_report.pdf,2026-09-28 18:08:12
c27e06bd-525a-43ae-80b4-f1a1dc3defe7,1c5c67a3-4018-4763-9fd8-d86b757283a0,Daily Drilling Report,synthetic_data/reports/DEMO-WELL-102_daily_drilling_report.pdf,2026-09-28 18:08:12
453542fc-025d-4b63-8972-fdfdd5763aa5,45736872-7faf-4942-97c5-5cef81a54319,Daily Drilling Report,synthetic_data/reports/DEMO-WELL-103_daily_drilling_report.pdf,2026-09-28 18:08:12
cb0e7085-9384-4608-a7de-46cda9e334a3,2bf4c40a-94ed-45dd-b722-d8bb02933dc1,Daily Drilling Report,synthetic_data/reports/DEMO-WELL-104_daily_drilling_report.pdf,2026-09-28 18:08:12
6ba96aba-2012-4b0c-9353-af5f9db761eb,7b1a405c-5461-4c43-a3f6-90a0e8c1c070,Daily Drilling Report,synthetic_data/reports/DEMO-WELL-105_daily_drilling_report.pdf,2026-09-28 18:08:12
67a469f8-38dd-4da2-acf5-4499e1433c99,afc60f98-fd9d-49f2-966d-6a30e1812a62,Daily Drilling Report,synthetic_data/reports/DEMO-WELL-106_daily_drilling_report.pdf,2026-09-28 18:08:12
04313d0c-5c4a-4744-a95c-e46db744caaf,de4799e0-ea6c-4fad-9660-9977bf159d4b,Daily Drilling Report,synthetic_data/reports/DEMO-WELL-107_daily_drilling_report.pdf,2026-09-28 18:08:12
b25eb7f7-06a5-4253-bbf5-b3e7773cb687,0704034b-8301-426a-9f90-e3d19c2b31cb,Daily Drilling Report,synthetic_data/reports/DEMO-WELL-108_daily_drilling_report.pdf,2026-09-28 18:08:12
7b0f7f68-2db5-4c6a-a295-eb0294264277,6880fa01-ac1d-499e-a3fb-52b3e2183956,Daily Drilling Report,synthetic_data/reports/DEMO-WELL-109_daily_drilling_report.pdf,2026-09-28 18:08:12
d1295f71-5f1c-4bbb-80ef-d3b923a83567,2f182721-34ab-4303-9700-ba031a29677c,Daily Drilling Report,synthetic_data/reports/DEMO-WELL-110_daily_drilling_report.pdf,2026-09-28 18:08:12
dfeae9b1-b033-4ed7-bf1e-c71d7e1104ff,6fe2ee1e-277b-4293-b6a0-cb07c5bc473b,Daily Drilling Report,synthetic_data/reports/DEMO-WELL-111_daily_drilling_report.pdf,2026-09-28 18:08:12
0af97a6e-057c-46d5-a5e3-1a3367b5eab0,cfbea72d-2e23-4f82-8144-c06c35ecaaef,Daily Drilling Report,synthetic_data/reports/DEMO-WELL-112_daily_drilling_report.pdf,2026-09-28 18:08:12
d1c2af3d-066d-43e5-aa3d-58faa2390e3c,ab5422fe-62fc-48df-aefc-7887889e7bb2,Daily Drilling Report,synthetic_data/reports/DEMO-WELL-113_daily_drilling_report.pdf,2026-09-28 18:08:12
4425548e-fd38-4136-9494-fae74bffba08,7b7c8687-b277-48fb-b936-9bbee641baaf,Daily Drilling Report,synthetic_data/reports/DEMO-WELL-114_daily_drilling_report.pdf,2026-09-28 18:08:12
45bf5afb-2a14-4fec-9abe-69eeb578b4e9,260ad1cf-81c5-4cf3-a8bf-577c0e4a80b6,Daily Drilling Report,synthetic_data/reports/DEMO-WELL-115_daily_drilling_report.pdf,2026-09-28 18:08:12
